{
  "version": 1,
  "author": "marley rozo",
  "editor": "wokwi",
  "parts": [
    { "type": "board-esp32-devkit-c-v4", "id": "esp", "top": 0, "left": 14.44, "attrs": {} },
    {
      "type": "wokwi-led",
      "id": "led1",
      "top": -61.2,
      "left": -140.2,
      "attrs": { "color": "red" }
    },
    {
      "type": "wokwi-resistor",
      "id": "r1",
      "top": 90.35,
      "left": -67.2,
      "attrs": { "value": "1000" }
    },
    { "type": "wokwi-dht22", "id": "dht1", "top": -153.3, "left": 119.4, "attrs": {} }
  ],
  "connections": [
    [ "esp:TX", "$serialMonitor:RX", "", [] ],
    [ "esp:RX", "$serialMonitor:TX", "", [] ],
    [ "esp:33", "r1:2", "green", [ "h0" ] ],
    [ "r1:1", "led1:A", "green", [ "v-115.2", "h-48" ] ],
    [ "esp:GND.1", "led1:C", "black", [ "h0" ] ],
    [ "esp:3V3", "dht1:VCC", "green", [ "v-9.6", "h-19.05", "v-96" ] ],
    [ "esp:GND.3", "dht1:GND", "black", [ "h124.8", "v-115.2", "h-182.4" ] ],
    [ "esp:15", "dht1:SDA", "green", [ "h28.8", "v-211.2" ] ]
  ],
  "dependencies": {}
}